{"cameraMode":{"drawMode":0,"name":"Shaded","section":"Shading Mode"},"sceneLighting":false,"audioPlay":false,"sceneViewState":{"showFog":true,"showMaterialUpdate":false,"showSkybox":false,"showFlares":true,"showImageEffects":true,"showParticleSystems":true},"in2DMode":false,"pivot":{"x":0.3700000047683716,"y":4.880000114440918,"z":-7.880000114440918},"rotation":{"x":-0.1221308633685112,"y":0.7623679041862488,"z":-0.15082567930221559,"w":-0.617382287979126},"size":0.000017344029402011074,"orthographic":false}