{"cameraMode":{"drawMode":0,"name":"Shaded","section":"Shading Mode"},"sceneLighting":true,"audioPlay":false,"sceneViewState":{"showFog":true,"showMaterialUpdate":false,"showSkybox":true,"showFlares":true,"showImageEffects":true,"showParticleSystems":true},"in2DMode":false,"pivot":{"x":-2.6624374389648439,"y":1.8906515836715699,"z":-3.614480495452881},"rotation":{"x":-0.35999512672424319,"y":0.20787300169467927,"z":-0.08262547105550766,"w":-0.9057578444480896},"size":0.989477813243866,"orthographic":false}