{"cameraMode":{"drawMode":0,"name":"Shaded","section":"Shading Mode"},"sceneLighting":true,"audioPlay":false,"sceneViewState":{"showFog":true,"showMaterialUpdate":false,"showSkybox":true,"showFlares":true,"showImageEffects":true,"showParticleSystems":true},"in2DMode":false,"pivot":{"x":1.4650930166244507,"y":0.738288402557373,"z":-0.7395769357681274},"rotation":{"x":-0.05695783346891403,"y":-0.10553228110074997,"z":0.006053488235920668,"w":-0.9927695989608765},"size":1.8846526145935059,"orthographic":false}