{"cameraMode":{"drawMode":0,"name":"Shaded","section":"Shading Mode"},"sceneLighting":true,"audioPlay":false,"sceneViewState":{"showFog":true,"showMaterialUpdate":false,"showSkybox":true,"showFlares":true,"showImageEffects":true,"showParticleSystems":true},"in2DMode":false,"pivot":{"x":-0.14681774377822877,"y":1.0475046634674073,"z":-2.882509231567383},"rotation":{"x":-0.13573797047138215,"y":0.17351803183555604,"z":-0.024157829582691194,"w":-0.9751502275466919},"size":1.095384120941162,"orthographic":false}