{"cameraMode":{"drawMode":0,"name":"Shaded","section":"Shading Mode"},"sceneLighting":true,"audioPlay":false,"sceneViewState":{"showFog":true,"showMaterialUpdate":false,"showSkybox":true,"showFlares":true,"showImageEffects":true,"showParticleSystems":true},"in2DMode":false,"pivot":{"x":356.9382019042969,"y":125.65544128417969,"z":-4.07977294921875},"rotation":{"x":-0.04076866805553436,"y":-0.03836197033524513,"z":0.001565492246299982,"w":-0.998437225818634},"size":119.01637268066406,"orthographic":false}