{"cameraMode":{"drawMode":0,"name":"Shaded","section":"Shading Mode"},"sceneLighting":true,"audioPlay":false,"sceneViewState":{"showFog":true,"showMaterialUpdate":false,"showSkybox":true,"showFlares":true,"showImageEffects":true,"showParticleSystems":true},"in2DMode":false,"pivot":{"x":32.538970947265628,"y":0.7798977494239807,"z":5.099999904632568},"rotation":{"x":-0.000372173119103536,"y":0.9982156157493591,"z":0.05965494364500046,"w":0.006289471406489611},"size":2.920236349105835,"orthographic":false}